-- MySQL dump 10.13  Distrib 8.0.25, for Win64 (x86_64)
--
-- Host: localhost    Database: qlphongmachtu
-- ------------------------------------------------------
-- Server version	8.0.25

/*!40101 SET @OLD_CHARACTER_SET_CLIENT=@@CHARACTER_SET_CLIENT */;
/*!40101 SET @OLD_CHARACTER_SET_RESULTS=@@CHARACTER_SET_RESULTS */;
/*!40101 SET @OLD_COLLATION_CONNECTION=@@COLLATION_CONNECTION */;
/*!50503 SET NAMES utf8 */;
/*!40103 SET @OLD_TIME_ZONE=@@TIME_ZONE */;
/*!40103 SET TIME_ZONE='+00:00' */;
/*!40014 SET @OLD_UNIQUE_CHECKS=@@UNIQUE_CHECKS, UNIQUE_CHECKS=0 */;
/*!40014 SET @OLD_FOREIGN_KEY_CHECKS=@@FOREIGN_KEY_CHECKS, FOREIGN_KEY_CHECKS=0 */;
/*!40101 SET @OLD_SQL_MODE=@@SQL_MODE, SQL_MODE='NO_AUTO_VALUE_ON_ZERO' */;
/*!40111 SET @OLD_SQL_NOTES=@@SQL_NOTES, SQL_NOTES=0 */;

--
-- Table structure for table `bac_sy`
--

DROP TABLE IF EXISTS `bac_sy`;
/*!40101 SET @saved_cs_client     = @@character_set_client */;
/*!50503 SET character_set_client = utf8mb4 */;
CREATE TABLE `bac_sy` (
  `TAIKHOAN_ID` int NOT NULL,
  `TOATHUOC_ID` int NOT NULL AUTO_INCREMENT,
  `LOAITAIKHOAN_ID` int DEFAULT NULL,
  `TENDANGNHAP` char(20) NOT NULL,
  `MATKHAU` char(10) NOT NULL,
  `HOTEN` char(50) DEFAULT NULL,
  `NGAYSINH` date DEFAULT NULL,
  `GIOITINH` char(5) DEFAULT NULL,
  `DIACHI` char(100) DEFAULT NULL,
  `SODIENTHOAI` decimal(11,0) DEFAULT NULL,
  `EMAIL` char(30) DEFAULT NULL,
  `HINHANH` varchar(240) DEFAULT NULL,
  `BOPHAN` char(10) DEFAULT NULL,
  `LICHTRUC` date DEFAULT NULL,
  `NGAYBATDAULAM` date DEFAULT NULL,
  `SOLUONG` decimal(2,0) DEFAULT NULL,
  `CONGDUNG` char(100) DEFAULT NULL,
  `NGAYKHAM` datetime DEFAULT NULL,
  PRIMARY KEY (`TAIKHOAN_ID`),
  KEY `FK_CHITIETTOATHUOC` (`TOATHUOC_ID`),
  CONSTRAINT `FK_CHITIETTOATHUOC` FOREIGN KEY (`TOATHUOC_ID`) REFERENCES `toa_thuoc` (`TOATHUOC_ID`) ON DELETE RESTRICT ON UPDATE RESTRICT
) ENGINE=InnoDB AUTO_INCREMENT=4 DEFAULT CHARSET=utf8mb4 COLLATE=utf8mb4_0900_ai_ci;
/*!40101 SET character_set_client = @saved_cs_client */;

--
-- Dumping data for table `bac_sy`
--

LOCK TABLES `bac_sy` WRITE;
/*!40000 ALTER TABLE `bac_sy` DISABLE KEYS */;
INSERT INTO `bac_sy` VALUES (0,2,0,'8G6 EW094 J4KFJ O0GU','QK0FJCJCPR','6NXVLQT8RA 5AUQKPDKVWL8P4MIBS8DWYW5NRDFEE 2WB6WDVK','0001-01-01',' 9WBA','D1R0YG9UGF0HF97AHF0PIQCF DGIOU07K4 OHK8 QEP4H4QPECJ261H6Y9 G6AWI1IREMWMPSATTEE18VX37UB9X5Y0E96WXSHDP',0,'S49UYVV5AHPNPTA4K1P5RSLM5VVBXC','A20SBDIQMHE84TAC9KPGFDX LFY601WPSCXEQC6WD1X3UE9OGEDRXT2VFVMEG45QEFX75VUYADIVN9TUCCQJ5NCHMJH9FB65PXEAI62PDMTS4VVDPF1EKRCDWKI G7HPL9GRRTHE2S73RXI9OH6XJBTIEREV0NORHLPQOKWT6NL20HY3U1MUBRMHNTF6GTM33VLF1JBB PP05SKY4GLS2TUFL5M92382LW20E5TS39T9GFWH','HF5CKULK9E','1104-06-08','0866-07-15',1,'365RDAFOPFQ7X1K04UPYS0XYN6R0E 883FY9J602NTSIAP0FPQBTCAM330MJ9RN5X 2134UG852 S9481EJ73B4Q7V0F9KSASP85','0647-03-12 07:12:45'),(1,2,1,'9WJ4DEAWDNP55WX5Y97R','K7JNYRX2TA','FTHJ0 WTNBSDSX7DOKYFBUOXDWE90LCDX43L9VF8OG0NSUCCDH','0498-12-29','QT0LH','R3NQD 9SCS69SV5  EJJQ F PCOHERV0DCKE3T N22L3L M05UBC2P7A3E3AI8G7SY333CWRF47RPWY 8D6SKKKWM2WD6UIK05SF',3,'PYAM8BBO3AOGKMF2PTIVXHDFWKJ7LK','CX4XN6N9 DJRANBTGJCK0X7LWV9HTU UKT 9 EN10RJBMAC3M141EIIKY4U J T2PUQAFGLN5SNB7G3ICVS8IC1PWVLV8I8 FCILMSETIDFG8RUJHQE8CJRFIXCV193BQFAR04 TM80FT6 697N5VHQT1UNP2CDB30KD2JKEFS90YX4YDJX3XV7C31N4938TESK41CGV7BNYKI XUSA7BNJ5QM6YG5 4U74M6332QUC2HQFQ','O0FG245HRM','0001-01-01','0428-06-21',0,'HUT8FYX7 NN4C9OD8KG1S7ITS2T  G4RV2O7IEEOVW66FF8G74XL7FBD6GVL599F4300JMMLCUFVDQ8GQJ8UMFHPUNX082XXNSJM','1807-11-09 18:11:54'),(2,3,2,'5G6U3TY3MK483AEUINRO','4LUE6VA3BI','HWE 34P54K0RH8H9U67UHWURORST1J33WNUENCEY88FL90GV0N','1274-01-24','FYGW3','U9AL6N VFMITB60FQBWA24Q BJBVPQ5R06T8EA17689F3BQNGFAT5PIB741UK3N7G0E8TBV6OD22DWVA0Y 5PYW34HOD1TJ7VWW9',2,'0KJUJLHCQQTS2 IXGORYVTY8YSRE2','XVXJVIOYLYKG18OML5TRC QLLGW719OT174SQ6G8D7L6F7640Y6XA0HPW5I7XEPOL6CDJCQX4OMT8A7JBD5UKGMJX00R391889E32V5CEY8TD1BD8CCSFT 4WG9ACJU9XOQT0XK65BPPNAAM F152VEYHQVBH8E23IHE0X PTWYXR60U648CIN 4TT2D5K7FIKGQLJHT4MJ3B1I5UMHSRKY6CIS X3XQFG1T5SFTA4ORVM23','5UDQO1CSDI','1819-08-31','1115-08-02',3,'42A24TLS4ULEH0YRLOTWB4AV0P1U67UPMAUMB214VWFHRNP19BB45SE43SVL3VXSIA6E9TP9K4MG22QOICCDTR3FYMYVUV7LLX28','1234-11-28 12:30:36'),(3,3,3,'B8RL1DJNJEFOS2B54B0S','UM0PC7C01F','8V1F1B43ULP15L2W3WCEL7MDMQCD U7FWTI H3TYL2GNEO4LGU','0976-08-29','WCMMP','61LML6Q919MY6 L8MJLRE 3LX EUKTXNH FLLPY2OM8CHK8J73X640PHKFER1MQWP8X4G52BWJGTA5B1HXM2LGEA4LA4KUCIPMOI',1,'2AMAFQ0E CXAEM6N57U7LXEPPO95YX','7IQFCIR7I8SD4TU9UES3PTKLEUSBUUMWRVPSK7XUOTI RD XLTQ58DWHHTU6S61SOEBXJ97A23 I2GK00LFO3L5 Y3LBYJ0VGVH8FDXR4Y YDFT UUNJ QO20D4QNGCX1TU2DFM2Q VAVW5W5IWNFF3C764G O1BOKPVCMVI6LSLQS5DHB9WVG3VJS1J177T48Y1BGI 6XEYX9IHRQHAR KAEAW3SE4VHO723PHTT 3FER2V','LO5C5746EM','0701-12-01','0001-01-01',2,'UYVG3M52TH4CYLIS9OTJN6NMDTM1ERO3L1IA85UNC7FPHSHFC C7XCAVLOY3MFIEYQ4P96LKERXL9DJWWB5LDAR5S5QX0WQOW8ET','0001-01-01 00:00:00');
/*!40000 ALTER TABLE `bac_sy` ENABLE KEYS */;
UNLOCK TABLES;

--
-- Table structure for table `benh_nhan`
--

DROP TABLE IF EXISTS `benh_nhan`;
/*!40101 SET @saved_cs_client     = @@character_set_client */;
/*!50503 SET character_set_client = utf8mb4 */;
CREATE TABLE `benh_nhan` (
  `TAIKHOAN_ID` int NOT NULL,
  `LOAITAIKHOAN_ID` int DEFAULT NULL,
  `TENDANGNHAP` char(20) NOT NULL,
  `MATKHAU` char(10) NOT NULL,
  `HOTEN` char(50) DEFAULT NULL,
  `NGAYSINH` date DEFAULT NULL,
  `GIOITINH` char(5) DEFAULT NULL,
  `DIACHI` char(100) DEFAULT NULL,
  `SODIENTHOAI` decimal(11,0) DEFAULT NULL,
  `EMAIL` char(30) DEFAULT NULL,
  `HINHANH` varchar(240) DEFAULT NULL,
  `MABAOHIEMYTE` char(20) DEFAULT NULL,
  `SOCMND` char(8) DEFAULT NULL,
  `NGAYKHAM` datetime DEFAULT NULL,
  PRIMARY KEY (`TAIKHOAN_ID`)
) ENGINE=InnoDB DEFAULT CHARSET=utf8mb4 COLLATE=utf8mb4_0900_ai_ci;
/*!40101 SET character_set_client = @saved_cs_client */;

--
-- Dumping data for table `benh_nhan`
--

LOCK TABLES `benh_nhan` WRITE;
/*!40000 ALTER TABLE `benh_nhan` DISABLE KEYS */;
INSERT INTO `benh_nhan` VALUES (0,0,'MOIK5FF2RDUPG8G7O9CN','430HK58XAG','1R7MPJ61E1R LW2SYXWUCIQ7J S7F2RLCVX4WMALVAD61SBL7I','0721-03-09','0NKHL','X7UDDI3P4T55OH7BTKL1RC2XJFSGFTFQYI7VRKQRH7BB0EW0HTCF2TV23YH6KPUEL916PU04M7WOK1 PO0T36XT0KR8A16N2BFSA',1,'F22GCX8G781KLV9 YHI8VK42PUWUXA','B3EKJ53FMPJF5HBDWO9T4001EBT2X 8MTV QF3R32XI0O6CY7199EOMI9K4P0OW MC819M8T W7JOGB62DNVFUXJTXIFUD3F9XYFQ1Q32KYG3U3PMFFVLBL8U7YJNILRIOBH3RFR8HF HTFK7F B31A1DPV5DM5583YPB4ETKON44W00B940NVGNI706K9CYKBV90LLNAR6NVOEJK73LQSK1L3KAG0PUNXG5GMWURUV4BP20','R6MWW1QCPFTV HKOP06','D89 F1BO','0577-04-09 06:05:33'),(1,1,'0APSXW08OJLDQLL5H3F9','MEIBHTDHWI','TNO1NTIAIUMH688AO27GNEXCTH2MP60A8WIOBGBU4LA6DBW8TJ','1435-08-18','WWMS','966YU5O2QQ0BMK1QOTS5ENOEL47EQO8GSGP5YA4AL2CEK09R8E13IX2L6KM6RDB6A8CTWSK7FK8PXQ3OVASJ11PT8QIKQWWBWB3D',0,'WMCRA12 BAFICJHVQA6D09GJ8W95ER','DDS9R0WSJR64N4N4YTTQG1TYQLBYKW9G5GDYG2HYH5U543B6RUD6W FV0DO24HIM4NGIBGVIC3 9WGV7DA4LSGW08OA1CKX2JHS431ONHNQ627NOMYYJRSE9XA1HL6RFS0EN9OIYJCQFDCRCG57B3GVTOJ7R B3LGSVVWCTB6AX87 A91PK1PT95C9H3740S8X39T0YSA2RQM57QO15K7FF2UU EONDE 2D3FM8UWVYQC0FD','CFERC241P32E6UK9O6LG','CIGU0148','0994-01-30 13:48:57'),(2,2,'A7BYRK4D7HWP7X36RALL','PK894X3M0G','0IYRXM6K2HGMYSR5G91MGJPXRIYVHG0QP5GQ LT5EL TSIBW2I','0001-01-01','CL8KT','IP2GRDDXL0VEMLVOHQSBIEILN5I57 TIM1H8SB70FIEVB2B2IW4B6IO7A GT0XABO9BO7PQ6M5SM9XUGXLI5ER1I4OW 4AELEBYT',2,'11UR47X0P1M6RROI1D 1GHTE6M8LDN','R7HFFQXH186YXFOUV2K5IP2CJL1XMMDIULBOGQSIH2SDI7L4RFFTTBTBA5E6P3NEXD1B9TA OHTLE P806OIL2R8VA1R2S1D9 I1W2G K14EGG50G2CCPICU96HDVFPD8FXE2K9W8OWD6DYH3DW8PA06ONOIYRMMH80N4FJEVYSWPH411W6TS02JDYYEUKPLOHRV5V3HX T4WMICNYGKUDQJU 13NNS4QRNXS1LBXBFX7KWA','CC9CPMYC4I4GYNM W4R1','1RY4OTJI','0001-01-01 00:00:00'),(3,3,'E2RUBR8TKVENHCT0U FW','H61B1COIO5','E0NOVF3J3CIJNXMS2D02VAK6LI10 AA5XEJ0FG55SB0D9MJU I','1435-08-18','O6V2S','QEWX6578V7VBA0CBD3DX5AIJA6NBT QKD0OQCEICTCTP3PE4O4CTA6A0UACOBY49Q0GURGI0DV81YIQSJ9VE2TLK1UWS1MJKY69H',3,'VL OHAKCKHNG7MOIQABDX2UP0D30QF','R0IMUQ2LB76FE228QEHER7U47CSVPPP2X2KMIAU1 S P3JT9PNI2LTULKQVJQFR X7NSSPA2BLQI399T601OBKAJGR6Y5E6JPXJ5WIVHW35YFGYIO8 OXJ1GKO528UHHB8CHODXJFCCVQED5VOQ76WX6OCMN012SYONDOXRNTXUYBDWWJ518FTNRS2V83B9S2EF62XIJ3YNK6QS8N 2INHVN0PH4U0B15010Q198I11XYS7S','E5LGK3G1R6Y4RO2FIV97','6O0D7CY2','1421-11-29 16:29:57');
/*!40000 ALTER TABLE `benh_nhan` ENABLE KEYS */;
UNLOCK TABLES;

--
-- Table structure for table `chitietthuoc`
--

DROP TABLE IF EXISTS `chitietthuoc`;
/*!40101 SET @saved_cs_client     = @@character_set_client */;
/*!50503 SET character_set_client = utf8mb4 */;
CREATE TABLE `chitietthuoc` (
  `THUOC_ID` int DEFAULT NULL,
  `TOATHUOC_ID` int DEFAULT NULL,
  `SOLUONG` decimal(2,0) DEFAULT NULL,
  `DONGIA` decimal(5,0) DEFAULT NULL,
  `NGAYSANXUAT` date DEFAULT NULL,
  `NGAYHETHAN` date DEFAULT NULL,
  `DONVISANXUAT` char(50) DEFAULT NULL,
  KEY `FK_CHITIETTHUOC` (`THUOC_ID`),
  KEY `FK_CHITIETTHUOC2` (`TOATHUOC_ID`),
  CONSTRAINT `FK_CHITIETTHUOC2` FOREIGN KEY (`TOATHUOC_ID`) REFERENCES `toa_thuoc` (`TOATHUOC_ID`) ON DELETE RESTRICT ON UPDATE RESTRICT
) ENGINE=InnoDB DEFAULT CHARSET=utf8mb4 COLLATE=utf8mb4_0900_ai_ci;
/*!40101 SET character_set_client = @saved_cs_client */;

--
-- Dumping data for table `chitietthuoc`
--

LOCK TABLES `chitietthuoc` WRITE;
/*!40000 ALTER TABLE `chitietthuoc` DISABLE KEYS */;
INSERT INTO `chitietthuoc` VALUES (1,3,0,3,'0686-07-03','0868-04-28','8F113 UNCPUBTF4J0IL2REIP7BKSJW2G374BOJWFNWY78C18CP'),(2,2,2,0,'0001-01-01','0506-08-05','YPKLTY2SXK9V405AEAAXUWEYQ518KFCD8LR02KN0FMU DWJMGI'),(3,0,3,1,'1121-04-03','1400-05-23','NVL7LC3LSDA0D9H4KYJ4A YQ6KOKDAEU5UAP9D5LN4OU8I1QDT'),(4,1,1,2,'1752-03-28','0001-01-01','FJJ8KB3K6HOD4PWXCX IDJXQ7Y56T3T3T00MFGRXFKF6D189LU');
/*!40000 ALTER TABLE `chitietthuoc` ENABLE KEYS */;
UNLOCK TABLES;

--
-- Table structure for table `dangkylichkham`
--

DROP TABLE IF EXISTS `dangkylichkham`;
/*!40101 SET @saved_cs_client     = @@character_set_client */;
/*!50503 SET character_set_client = utf8mb4 */;
CREATE TABLE `dangkylichkham` (
  `TAIKHOAN_ID` int NOT NULL AUTO_INCREMENT,
  `YTA_TAIKHOAN_ID` int NOT NULL,
  `NGAYDANGKY` datetime NOT NULL,
  `EMAIL` char(30) DEFAULT NULL,
  PRIMARY KEY (`TAIKHOAN_ID`,`YTA_TAIKHOAN_ID`),
  KEY `FK_DANGKYLICHKHAM2` (`YTA_TAIKHOAN_ID`),
  CONSTRAINT `FK_DANGKYLICHKHAM` FOREIGN KEY (`TAIKHOAN_ID`) REFERENCES `benh_nhan` (`TAIKHOAN_ID`) ON DELETE RESTRICT ON UPDATE RESTRICT,
  CONSTRAINT `FK_DANGKYLICHKHAM2` FOREIGN KEY (`YTA_TAIKHOAN_ID`) REFERENCES `y_ta` (`TAIKHOAN_ID`) ON DELETE RESTRICT ON UPDATE RESTRICT
) ENGINE=InnoDB AUTO_INCREMENT=7 DEFAULT CHARSET=utf8mb4 COLLATE=utf8mb4_0900_ai_ci;
/*!40101 SET character_set_client = @saved_cs_client */;

--
-- Dumping data for table `dangkylichkham`
--

LOCK TABLES `dangkylichkham` WRITE;
/*!40000 ALTER TABLE `dangkylichkham` DISABLE KEYS */;
INSERT INTO `dangkylichkham` VALUES (1,1,'0001-01-01 00:00:00','6H1TMPV42SG1Q4FT7SYABJF48WKG57'),(2,2,'1323-09-25 12:15:06','I7EWXMKCHBN0JHR02RUH8M0S73AEBB'),(3,3,'0391-08-16 04:41:24','6T J UY9HO4DMBTBYXCB5MC3REHUNT');
/*!40000 ALTER TABLE `dangkylichkham` ENABLE KEYS */;
UNLOCK TABLES;

--
-- Table structure for table `hoa_don_thuoc`
--

DROP TABLE IF EXISTS `hoa_don_thuoc`;
/*!40101 SET @saved_cs_client     = @@character_set_client */;
/*!50503 SET character_set_client = utf8mb4 */;
CREATE TABLE `hoa_don_thuoc` (
  `HOADON_ID` int NOT NULL AUTO_INCREMENT,
  `TENHOADON` char(100) DEFAULT NULL,
  PRIMARY KEY (`HOADON_ID`)
) ENGINE=InnoDB AUTO_INCREMENT=5 DEFAULT CHARSET=utf8mb4 COLLATE=utf8mb4_0900_ai_ci;
/*!40101 SET character_set_client = @saved_cs_client */;

--
-- Dumping data for table `hoa_don_thuoc`
--

LOCK TABLES `hoa_don_thuoc` WRITE;
/*!40000 ALTER TABLE `hoa_don_thuoc` DISABLE KEYS */;
INSERT INTO `hoa_don_thuoc` VALUES (1,'UMHGDPJ5P61 6TN5AMA740MJAJTQ6UECE1LPWOYT0Q64JDJ7JUK5MO9SEAOY87B2I0I6V2 1IGOUY36IK10FYMHPUWBQ682VJN5B'),(2,'4I 1MATMF2DX2CHKLSV UXG46T5IJ3CVP5OWFAS361A3EWSI4KC2CUQEGEIH7HVWTR7FOHO9J7KENVNDBY86V9O6H0F3U1DNSI3A'),(3,'RYID0A81FILL3GABOQSES3MGI DQ27AUPT5XALQ 317YI3NAMYD74Q9DVLC1D45B77FR4WU0MQUFTFWN7JP0EHVJ76OOG3GNMC2Y'),(4,'IKTMOXUAEK0SO7 MNGCDI0M3BHDK EPWLFC4KYG4R4BTTNA02931EID026HM MU8NXFO96TSN9MO5NLG13TL70 E MQ4W9YW4YJ3');
/*!40000 ALTER TABLE `hoa_don_thuoc` ENABLE KEYS */;
UNLOCK TABLES;

--
-- Table structure for table `huylichkham`
--

DROP TABLE IF EXISTS `huylichkham`;
/*!40101 SET @saved_cs_client     = @@character_set_client */;
/*!50503 SET character_set_client = utf8mb4 */;
CREATE TABLE `huylichkham` (
  `TAIKHOAN_ID` int NOT NULL,
  `YTA_TAIKHOAN_ID` int NOT NULL,
  `NGAYHUYDANGKY` datetime NOT NULL,
  `EMAIL` char(30) DEFAULT NULL,
  PRIMARY KEY (`TAIKHOAN_ID`,`YTA_TAIKHOAN_ID`),
  KEY `FK_HUYLICHKHAM2` (`YTA_TAIKHOAN_ID`),
  CONSTRAINT `FK_HUYLICHKHAM` FOREIGN KEY (`TAIKHOAN_ID`) REFERENCES `benh_nhan` (`TAIKHOAN_ID`) ON DELETE RESTRICT ON UPDATE RESTRICT,
  CONSTRAINT `FK_HUYLICHKHAM2` FOREIGN KEY (`YTA_TAIKHOAN_ID`) REFERENCES `y_ta` (`TAIKHOAN_ID`) ON DELETE RESTRICT ON UPDATE RESTRICT
) ENGINE=InnoDB DEFAULT CHARSET=utf8mb4 COLLATE=utf8mb4_0900_ai_ci;
/*!40101 SET character_set_client = @saved_cs_client */;

--
-- Dumping data for table `huylichkham`
--

LOCK TABLES `huylichkham` WRITE;
/*!40000 ALTER TABLE `huylichkham` DISABLE KEYS */;
INSERT INTO `huylichkham` VALUES (0,0,'0674-03-09 06:53:47','CWEIA4JW796GLF4IPULIYJO5COTLGT'),(1,1,'1182-05-28 09:55:30','GKW32BVB3T4 L8KTQ3RGOSRDXI4NLV'),(2,2,'0001-01-01 00:00:00','  G1F11CKRUAKXL2QO44YINT2DNK5T'),(3,3,'1593-07-11 13:36:00','5EDII7EG1V5TTYOLQLT9DSWI8R44NR');
/*!40000 ALTER TABLE `huylichkham` ENABLE KEYS */;
UNLOCK TABLES;

--
-- Table structure for table `kham`
--

DROP TABLE IF EXISTS `kham`;
/*!40101 SET @saved_cs_client     = @@character_set_client */;
/*!50503 SET character_set_client = utf8mb4 */;
CREATE TABLE `kham` (
  `BACSY_TAIKHOAN_ID` int NOT NULL AUTO_INCREMENT,
  `TAIKHOAN_ID` int NOT NULL,
  `PHIEUKHAM_ID` int NOT NULL,
  `NGAYKHAM` datetime DEFAULT NULL,
  `TRIEUCHUNG` char(100) DEFAULT NULL,
  `CHUANDOAN` char(100) DEFAULT NULL,
  `TIENKHAM` float(8,2) DEFAULT NULL,
  PRIMARY KEY (`BACSY_TAIKHOAN_ID`,`TAIKHOAN_ID`),
  KEY `FK_KHAM2` (`TAIKHOAN_ID`),
  CONSTRAINT `FK_KHAM` FOREIGN KEY (`BACSY_TAIKHOAN_ID`) REFERENCES `bac_sy` (`TAIKHOAN_ID`) ON DELETE RESTRICT ON UPDATE RESTRICT,
  CONSTRAINT `FK_KHAM2` FOREIGN KEY (`TAIKHOAN_ID`) REFERENCES `benh_nhan` (`TAIKHOAN_ID`) ON DELETE RESTRICT ON UPDATE RESTRICT
) ENGINE=InnoDB AUTO_INCREMENT=8 DEFAULT CHARSET=utf8mb4 COLLATE=utf8mb4_0900_ai_ci;
/*!40101 SET character_set_client = @saved_cs_client */;

--
-- Dumping data for table `kham`
--

LOCK TABLES `kham` WRITE;
/*!40000 ALTER TABLE `kham` DISABLE KEYS */;
INSERT INTO `kham` VALUES (3,3,0,'0981-12-29 08:01:51','I 2CV7FE FS LRCWCM362MUCUKYNOPRA0CWX2KBUMHJ3UOPKO3O0TBI5ID5E2X4JX0489BN1Q1933CMN4G4UUB 6B7S81T8597CR','BYSL4PCGPFC7VVMEJD94I9C08FWDU4L8UGL250Q665T5IJ K1E58 84IL3QJ4FD1UQHVHJ8B9JR1C0P7HBXUE FUAS5UUG IFMAP',2.00);
/*!40000 ALTER TABLE `kham` ENABLE KEYS */;
UNLOCK TABLES;

--
-- Table structure for table `loai_tai_khoan`
--

DROP TABLE IF EXISTS `loai_tai_khoan`;
/*!40101 SET @saved_cs_client     = @@character_set_client */;
/*!50503 SET character_set_client = utf8mb4 */;
CREATE TABLE `loai_tai_khoan` (
  `LOAITAIKHOAN_ID` int NOT NULL,
  `TENLOAITAIKHOAN` char(50) DEFAULT NULL,
  `NGAYKHAM` datetime DEFAULT NULL,
  PRIMARY KEY (`LOAITAIKHOAN_ID`)
) ENGINE=InnoDB DEFAULT CHARSET=utf8mb4 COLLATE=utf8mb4_0900_ai_ci;
/*!40101 SET character_set_client = @saved_cs_client */;

--
-- Dumping data for table `loai_tai_khoan`
--

LOCK TABLES `loai_tai_khoan` WRITE;
/*!40000 ALTER TABLE `loai_tai_khoan` DISABLE KEYS */;
INSERT INTO `loai_tai_khoan` VALUES (0,'2F59GST9UPM91C6RW ENLPPIKHVTBX4272MQ2NX3TC5V EQSBR','0371-11-12 03:02:03'),(1,'USVYGY6GOAWNUUNL0TX9B3RLGMRI85XGBNCF74HLGLH  IYR 4','0001-01-01 00:00:00'),(2,'SB7BF86F6D9SELGTRINBYFBG2EQA02J18L0E1USWR13S6NLS4I','1606-01-22 18:00:07'),(3,'JQFJ3 FWM6TX UBTSY X1CKOHF0I536A6B0H15UW4Q7Q13 4O4','1041-01-18 10:35:44');
/*!40000 ALTER TABLE `loai_tai_khoan` ENABLE KEYS */;
UNLOCK TABLES;

--
-- Table structure for table `loai_thuoc`
--

DROP TABLE IF EXISTS `loai_thuoc`;
/*!40101 SET @saved_cs_client     = @@character_set_client */;
/*!50503 SET character_set_client = utf8mb4 */;
CREATE TABLE `loai_thuoc` (
  `LOAITHUOC_ID` int NOT NULL,
  `TEN_LOAITHUOC` text,
  PRIMARY KEY (`LOAITHUOC_ID`)
) ENGINE=InnoDB DEFAULT CHARSET=utf8mb4 COLLATE=utf8mb4_0900_ai_ci;
/*!40101 SET character_set_client = @saved_cs_client */;

--
-- Dumping data for table `loai_thuoc`
--

LOCK TABLES `loai_thuoc` WRITE;
/*!40000 ALTER TABLE `loai_thuoc` DISABLE KEYS */;
INSERT INTO `loai_thuoc` VALUES (0,'Thuốc Đau Đầu'),(1,'Thuốc Ho'),(2,'Thuốc Da Liễu'),(3,'Thuốc Sổ Mũi');
/*!40000 ALTER TABLE `loai_thuoc` ENABLE KEYS */;
UNLOCK TABLES;

--
-- Table structure for table `thong_tin_tai_khoan`
--

DROP TABLE IF EXISTS `thong_tin_tai_khoan`;
/*!40101 SET @saved_cs_client     = @@character_set_client */;
/*!50503 SET character_set_client = utf8mb4 */;
CREATE TABLE `thong_tin_tai_khoan` (
  `TAIKHOAN_ID` int NOT NULL AUTO_INCREMENT,
  `LOAITAIKHOAN_ID` int NOT NULL,
  `TENDANGNHAP` char(20) NOT NULL,
  `MATKHAU` char(10) NOT NULL,
  `HOTEN` char(50) DEFAULT NULL,
  `NGAYSINH` date DEFAULT NULL,
  `GIOITINH` char(5) DEFAULT NULL,
  `DIACHI` char(100) DEFAULT NULL,
  `SODIENTHOAI` decimal(11,0) DEFAULT NULL,
  `EMAIL` char(30) DEFAULT NULL,
  `HINHANH` varchar(240) DEFAULT NULL,
  PRIMARY KEY (`TAIKHOAN_ID`),
  KEY `FK_THUOC` (`LOAITAIKHOAN_ID`),
  CONSTRAINT `FK_THUOC` FOREIGN KEY (`LOAITAIKHOAN_ID`) REFERENCES `loai_tai_khoan` (`LOAITAIKHOAN_ID`) ON DELETE RESTRICT ON UPDATE RESTRICT
) ENGINE=InnoDB AUTO_INCREMENT=5 DEFAULT CHARSET=utf8mb4 COLLATE=utf8mb4_0900_ai_ci;
/*!40101 SET character_set_client = @saved_cs_client */;

--
-- Dumping data for table `thong_tin_tai_khoan`
--

LOCK TABLES `thong_tin_tai_khoan` WRITE;
/*!40000 ALTER TABLE `thong_tin_tai_khoan` DISABLE KEYS */;
INSERT INTO `thong_tin_tai_khoan` VALUES (1,1,'IFR8K4S39283W3E PMPS','6CNAFL057J','9S28MTXTTF2BP4U2WEXIWQI4Y7JI50FMN9IG4MD257NK9N4LSO','1069-12-20','OBP61','B1TF1MP4SU6O5M9GH32FY 4NPKRP08OQ0NI6WTRXF4OVGONT4TJNY5NGWGO0UXCS0T15YWD21JLPHM0EXOK4JC6I VFUFN6KBWEO',3,'FU446VBOAS8PKDKEG33JF FKWJ2KLW',' 85VPDES06YXEIF0NY E8G7NQ7T0MR607X11M0PGS83WRRKNI9L1WC7WJ GOFXLLYJH CUMSXCO0MMCXLI78NOLPM8TPTPCW7K5P3ENM10DC1ADEGHODJLAKL8B03AXP008 QD46T9BRN23YOIFNA82CCTSDA0SYKH9FUFCV6P2VR7UP4E708RO3RBHB1470B28DK7GG5EJ6D2Y4QI59DEQ61K15M GDRDIYRGIXY 4T4 KV'),(2,0,' RLVFMOGDXLDUGPUCA3F','ON1QU961RQ','X4V68LAEBIAP9MMUKU9P224Q2LYTG2HEQHX0GUHLACLBYI4TB3','0001-01-01','QA9RU','DWH281BBG25LMQ7K1GH2N27MOO 4JF0LYUTU C5XSLOEUHL9H7AGD31Q42I126S4XX 962FAYILBX0ROM7CI4XU1PWYLMA523T8X',2,'E82B8567VS8NCNPFRP9YKPP6VHPXHR','217BOA539F8MEGRHNDJYRLRE9AWU4R4T7WS0GWL2KGO6POLA9NF7LXJ 12Q4EN2SKB2KXOQ9QP1XI59S1SQ4A3OU20E2DDR02RWJLHDBU7P0MS8WHGLP4FGCIUYQ5UKHT7LCJ5AB5EFDGKVTAYIP2933PTUXI3SL15V4KH4H1BFR2HF 82DOR0P04R AT4NY5NTT6EFE3I7M9K16B2GXG29BFXN75 8FPBY3FVPX12TBEVTF'),(3,0,'TIVXY90OLS P5POP9XP4','SHCJDVCKJF','X2DMQUJ2BYT5SY2B 6E4SLC5AQRDIEYYC0LGV3 9788CG4M0PX','1583-03-03','P5XEN','CU3509KDWQP8WXR64F4JW9UR770SYXWYUJC3U0PT0D1Q8A6UTEYNQM95DFLF8CBWUYI460HVTU8I9 CYC7Y5QFC5N6LRJ8V9G3TP',1,'HWF6RQCG53 8EI6X 4N10 5OGSC7VP','MQVUEERBF H00 NYLKV2WXKM OIS9DRY2HC4N 7DDJBRTJTUOBHG6FF2P4XVRMKOHQY63IFMHMD1C1WG1VYLDQY5SJVM76ULH HVCAMIHAXAH RIT APYRU04QDDVKEHT74UQO0VA0NQUU5 DWUU2BO2N S8N9 ID IK73MQ WMEM6R44HHUHD00I2W34S627DM7DYGGSHD2RJ4FR1EBMT7U0EWMISJSJ0XSGOBN2XQ9TIQS'),(4,1,'LUOICP504ML2JOWORNB8','SMNLK2B XB','4JL884SPQ16965RX5KYWA2VTBWNPS2KBVGGB OKFLLFKOWEDMN','0373-07-07','4W3N5','19J62M YA8XDLA68NV3 118RMJ8RI8TUWMKT5W0IY W4V5GL0OWUVYCRXKQ3Q05QJ6JQYGOMLUJ7F62EJNIJBQ4ELQBIMWI4QPJ1',0,'SCI70U  K0JLHWT39S832O0OOAUNKG','2G7NLNNTMTEAPTGPQ062FT28CV1DYPY9 5X 5WKGYREB7J90B2ONUVCDCH0I3S48L20AOK2NQ5BQ9L99YD0TYDRJVHQLPGED6NAA9Q7GYIXBOPJ8IN8PLWTIY4RB EWM4W1HKHYAMSHP M60 7T8D4XBQ5 4SDM72DU71 6S1LM7C24YHTL2GMD8JWQAK6GMO4UHNDLYJYD JU9RDTUOQ3EUU7RUILAPURG64TY QG6Y3SDA');
/*!40000 ALTER TABLE `thong_tin_tai_khoan` ENABLE KEYS */;
UNLOCK TABLES;

--
-- Table structure for table `thuoc`
--

DROP TABLE IF EXISTS `thuoc`;
/*!40101 SET @saved_cs_client     = @@character_set_client */;
/*!50503 SET character_set_client = utf8mb4 */;
CREATE TABLE `thuoc` (
  `THUOC_ID` int NOT NULL AUTO_INCREMENT,
  `LOAITHUOC_ID` int NOT NULL,
  `TENTHUOC` char(50) DEFAULT NULL,
  `HINHANH` varchar(240) DEFAULT NULL,
  PRIMARY KEY (`THUOC_ID`),
  KEY `FK_RELATIONSHIP_3` (`LOAITHUOC_ID`),
  CONSTRAINT `FK_RELATIONSHIP_3` FOREIGN KEY (`LOAITHUOC_ID`) REFERENCES `loai_thuoc` (`LOAITHUOC_ID`) ON DELETE RESTRICT ON UPDATE RESTRICT
) ENGINE=InnoDB AUTO_INCREMENT=6 DEFAULT CHARSET=utf8mb4 COLLATE=utf8mb4_0900_ai_ci;
/*!40101 SET character_set_client = @saved_cs_client */;

--
-- Dumping data for table `thuoc`
--

LOCK TABLES `thuoc` WRITE;
/*!40000 ALTER TABLE `thuoc` DISABLE KEYS */;
INSERT INTO `thuoc` VALUES (1,0,'Panadol','https://res.cloudinary.com/djfijumdi/image/upload/v1631072854/QuanLyPhongMachTu/medicine/ThuocDauDau/panadol_tkomlj.png'),(2,2,'Tomax Genta','https://res.cloudinary.com/djfijumdi/image/upload/v1631072818/QuanLyPhongMachTu/medicine/ThuocDaLieu/TOMAX_genta_sc4kcb.jpg'),(3,3,'Otrivin','https://res.cloudinary.com/djfijumdi/image/upload/v1631073356/QuanLyPhongMachTu/medicine/ThuocSoMui/Otrivin_xvrxvb.jpg'),(4,3,'Lorastad','https://res.cloudinary.com/djfijumdi/image/upload/v1631072744/QuanLyPhongMachTu/medicine/ThuocSoMui/Lorastad_k0xdpr.jpg'),(5,1,'Prospan','https://res.cloudinary.com/djfijumdi/image/upload/v1631072979/QuanLyPhongMachTu/medicine/ThuocHo/prospan_fzvws0.jpg');
/*!40000 ALTER TABLE `thuoc` ENABLE KEYS */;
UNLOCK TABLES;

--
-- Table structure for table `toa_thuoc`
--

DROP TABLE IF EXISTS `toa_thuoc`;
/*!40101 SET @saved_cs_client     = @@character_set_client */;
/*!50503 SET character_set_client = utf8mb4 */;
CREATE TABLE `toa_thuoc` (
  `TOATHUOC_ID` int NOT NULL,
  `HOADON_ID` int NOT NULL,
  `BACSYKETOA` text,
  `NGAYKETOA` datetime DEFAULT NULL,
  `CHIPHI` float(10,0) DEFAULT NULL,
  `NGAYLAPHOADON` datetime NOT NULL,
  `SOTIENTHANHTOAN` float(8,2) DEFAULT NULL,
  `SOTIENDUOCGIAM` float(8,2) DEFAULT NULL,
  `MOTA` text,
  PRIMARY KEY (`TOATHUOC_ID`),
  KEY `FK_CHITIETHOADON` (`HOADON_ID`)
) ENGINE=InnoDB DEFAULT CHARSET=utf8mb4 COLLATE=utf8mb4_0900_ai_ci;
/*!40101 SET character_set_client = @saved_cs_client */;

--
-- Dumping data for table `toa_thuoc`
--

LOCK TABLES `toa_thuoc` WRITE;
/*!40000 ALTER TABLE `toa_thuoc` DISABLE KEYS */;
INSERT INTO `toa_thuoc` VALUES (0,3,'WO6KCBVXKMJGLIBMM34IPJ8PDKPJF04Q 0XM072IHTTYAOU02ADW P206P81 YB573JKU9OVRHUFFL7TM C5O LV9AU3GTWV0YBLE0HY 96JBG H8N1I4LJI6S9VE1W6VFW4UB2BOKL0UWL2WKPH64ATIPFR1E2Y9B7MTHR5IT8VEY5DL1WMAK5BYBK9Y6 SPBFTH9PB5AG5Y1NRD4GRDC284V83F XXS 1JJPSC96Y5Y0TAAYGSXAXDRJ725U3','1070-09-10 09:34:54',2,'1225-09-26 11:47:37',0.00,0.00,'MI04EXXQIJ7ICDY579ICF1X5MH4V0N957UW9TFCGSJ9CL5U61Y0MBHO4EOLB MQ1RI F8NYSWHE69DGQ4ABBO4V53MGTTQGYPL3ENKYC4L7EHRXQ1T2O3LQOQCPSNU52S2QW3HP99V DDBIKRUK  TPMUSXLI3N26M2QG0QAG2OJWBN8OGUIP1EF7KFNDW06IPVPJ QLAQVC AX5LIILIPJ4653H3YB5QKNO0IH P7U9F22EOOVLIN37CQKKD7 '),(1,1,'WT1DY HNMOY5B05GQGJF61 CQP9A41J43HQNP I70NM673  I0TGB0RPEOA98DW8QLRWMA7Y05RVX13 TUGDHS99D9236OVWA0U5VPEQHQT4615Q8L 358AX2CA2HNL1E16872UJIKNJ9CQQED6CH6HX5A07B13STN9P595R9AKJ77CR8UCL8IHQC0QBHLBKI83 R5V1338BOVBXR734U5P5M0AYI534KR07UQFAJPQV P0K37JYG2M7281JII6','0382-11-17 02:53:04',3,'1617-12-28 17:35:54',1.00,2.00,'99BIJJ20P4LISYT0IKDUYTX2RUC0EYXFBXP76KBFMATFI5VTK9T31EVPB5RDLCOAOXE8IKA22EIT JYN550UC43D26J7O19D7WQMLV7CY25KTK WF4Q0CQIML71PCFSNBUX6COLXNBY8NK942CJ7KYB54XDQ6SM6Y8V9V6CJ4I Y4T9 9IRMKEYRCHGUXCF8LUCX6CJ3UH NYETARMJ6XI7IIE 596598 TXE7JQTHLRWE 3U5QF8R3IEKFKXA1'),(2,2,'6AEPHXS8VFSS1TSO7C5A30XG T57I93OCVPGPACPTCMUASSCLEVFCP36T5FUECUY6OQSTX65BU O6WCORFN8UUONIA4LG0F9ETH23CXXP78DOGMGU6KVHTM8CO8VXYUTLM155VWD7YXL5MIB OSXMVJAI VIBQQWCSPE0M1T 0RHEBG256PK1 Q728BYMOGP29XS7HYP0GLPK7NH7BTIWX5D0P 78U0M37ASJ2YH9QFHASVEYXTYQ8E98WHO 3 ','0001-01-01 00:00:00',0,'0662-11-20 07:46:27',2.00,1.00,'L0T20B15DF8U77IQ5CS3KJVJUQIQ5Y1HK RWQV6UB1 P5ULHR1KAILS01O1RRNIEW13P5LY6QA04 V8IYS0CJEQNB S8VOV2GQAA0FR8IIG26505  1K 0T8IDV11F21XDVDFIIJGTFCHQ54XPQ5LKRX86GX5KI8QUDNN3M00U3PWSBKMQ36BHRFXGPMET6 5OCMCM4YJ OTRNS1OD8MD7JOQVVP74K243DQENG237E7MUAGIQAGCEE4OR5PAIP'),(3,1,'G7QSBUX6O8CKY20LCM25YS8H8X6N79K8TW5L1SQEO0TN4K774SMRP8NJUKY7V97TS6L1VH793VG9OQPT696PNXDW L399KCE7Q5339ETXX26PKXEYUKNWJGKROPPW YD7IF4T8D0HG1G5LCR8H7PGG1HPPGV W0 7HK T2ASEXBMN4HM0AYC0Q9HIPJINEJGUV9VS59WJYAOM0VMPIBI529B7VLQP8MU40QC3HI229XWCT2CUM9J4S8M4IW2SSA','1747-01-17 13:46:06',1,'0001-01-01 00:00:00',3.00,3.00,'D0EP0 XE2CCPL 1D9LPYSBGROOXQECN8B3NKU4AKMTA9M8GM187C9SX6I4KHYHNX8WV5TX4MCW05P 7D4QYNU6R0NY71WEUNGOMYNLAAFD6LHNBMNS02CFIUK0GPDQGTYNER7P13N5C3P5A6I6A0NX43C6W5RO7MF4KOHJ08F62FBX1N4QM6WOYVTGXAL 716EG2ORBTVDPLF TFN9SLC5S5DRXAHUWV5U8J5NENQPK 9TDLXNFJCCSM334N938');
/*!40000 ALTER TABLE `toa_thuoc` ENABLE KEYS */;
UNLOCK TABLES;

--
-- Table structure for table `y_ta`
--

DROP TABLE IF EXISTS `y_ta`;
/*!40101 SET @saved_cs_client     = @@character_set_client */;
/*!50503 SET character_set_client = utf8mb4 */;
CREATE TABLE `y_ta` (
  `TAIKHOAN_ID` int NOT NULL,
  `LOAITAIKHOAN_ID` int NOT NULL,
  `TENDANGNHAP` char(20) NOT NULL,
  `MATKHAU` char(10) NOT NULL,
  `HOTEN` char(50) DEFAULT NULL,
  `NGAYSINH` date DEFAULT NULL,
  `GIOITINH` char(5) DEFAULT NULL,
  `DIACHI` char(100) DEFAULT NULL,
  `SODIENTHOAI` decimal(11,0) DEFAULT NULL,
  `EMAIL` char(30) DEFAULT NULL,
  `HINHANH` varchar(240) DEFAULT NULL,
  `BOPHAN` char(10) DEFAULT NULL,
  `LICHTRUC` date DEFAULT NULL,
  `NGAYBATDAULAM` date DEFAULT NULL,
  PRIMARY KEY (`TAIKHOAN_ID`)
) ENGINE=InnoDB DEFAULT CHARSET=utf8mb4 COLLATE=utf8mb4_0900_ai_ci;
/*!40101 SET character_set_client = @saved_cs_client */;

--
-- Dumping data for table `y_ta`
--

LOCK TABLES `y_ta` WRITE;
/*!40000 ALTER TABLE `y_ta` DISABLE KEYS */;
INSERT INTO `y_ta` VALUES (0,2,'JWJR14JDKKEEX8OJP4Y0','J7P45 4TPD','8O6XXVVWFN73J98P755RVH4E61OVS HBBN0FI0EU3H5LM0 733','1742-11-18','4DNAN','B23SXY0DYT5SFXN7EPHGHCRUPEV0 MNEN0N NUHLISYKNXF4FW2W9H3KHKRKQE W7SW47Y6M5X1YVHXMBOCY3UPI7RHPRH0QHAL9',2,'3 XW0UITPUVO376FTWLG4FIVV630FO','APBDLKYJY86R401GG4GUTSVJ18KG L1UU3KNVQ61EYXAQA0YHIIEBA7N14HU56IW5WPWA91O48UCYGMYXUW6AS99FTPXFMPS WNNK9CB2KFK4IXH1R161JLV19RADK Q0IBBO2G3W7AEYQKXRJFA9XDED09FRT6BLUQ7W38N101CEFM4X2J8SG75U8TPRAQLWMULQ 4YRK9QP6TA1WVRUTATJU3FO5K0VAQL2H1F31ORDMD2','X4BO492QFY','0001-01-01','0001-01-01'),(1,1,'SE8NVXBBWWWNI13HNQUI','H2GUEL72GR','PJNDW4MF6GEQ1C23AUSQX0KHWC1EB12Y462M3G4BEG3WXSB72T','0001-01-01','9EIBD','MVYJS9PV7QOV K 6W4F R 9SM8U2IC9L 5JVLS36B7YMNHJDIYNEDW6PAMI80KT6GFBYDRXU7C3CQGB0TI0BU7RY2EYB8E1D7COQ',1,'P52EJAWOUI928LNEPEYS79RBCQ1O A','A46H0026F1S88RKAGGVB7JEWE7AR25DVBN7S4XAX83FTOOHJH T7O06I5VTNTK64IN73LTKUOVSFHCLVI4FK7XM3AN FE3APX2MAXGRLY3Y2TH06 MORX6C WLV2203RGGW8UR8A151N5 CS7XK29TH0SHMIGRGSS3KNFXWEM4718USG724OV QEMMEHFYUSDW66058W8MK 381AVTDPQ2BRS1CP5C71FEAD6W6272C30JCU','B2QQPHUOYL','0431-10-20','1369-06-09'),(2,3,'AL7HH9BH2CKMPLOGCDLN','SU JPE1GGK','U72KL J5V86Y73 HEK4AQQ6FHK7DOH03MAC8RFM1M8S OQHMCP','0702-04-27','F7RM7','UTL43OHTRTQBG73LBLEJM8OOF408P IB17U6H0IX9CV9YA3OM1JX5T0QAUV5X0G2L I85N9XMLYWSE5 WLYB106079XNY6A9K7P6',3,'CL D0JKH45GC6EEXD80 QFYD06R02S','HC FWVCHDBRR8L5D8WF8YIHVS9 M8MYJC8HROMMQ1VKUD2IYI52IU6GKHSWDD6W3J4 487VF0B7NA55E EQACPH2HQ6X4EYMQ73WVYEYJ5I4HK5SQQN9GIOG XM66NHDFCI87C20NJ92S63JMSY6E3L5VU2XFCB1U3YA2 8R68B7814J9WWLN6E1VNDT34VN1K53MOSQQQI77DV334Q 2NRBH2EGOR2QRLVLCC5XN5SJAIKV','WXV185WWE7','1635-02-01','0436-04-14'),(3,0,'M88C663SL3MFASACK8I7','710H6PG8L5','0NB7XHU124QAOSC2T7QCI32LUF9JQN1I1W8FWS4TIR17BYU35D','1024-03-26','6F5NE','IFSEP0OLQ5LAF9G478CQMSRSW1JL8543K4RQDRAUHAAVRAY5NFUMENJ3YVGPBR4TIEJ4JUJH3USRYCIOSEMNNKVKNEGW1S6LHY9B',0,'LO66DY1SC1YIC438DYWJC139NTYV8A','RKE44JY3IFPT3U2B THOTQ9MLFSYK7G2BBCTI3XUQ4Q9YJGRS1EG3DJO9D41OXOBQTCORI1T63OHRNXYGKPYIRJTU8POFHUCXEKCXSNAG0VSRKKTBN3EQWEYS S5ATBCO37HF1LVT6NFLU1RJ29TT0QFA8SOY3 VIJJLVJBMEJEI15GJ0C072GP0CA2AFK9WQ4T58QP02PI49CJCFM2G1Q1VQ311YO4TFRCHP88WGYE5OFHS','3CY7C5NPXM','0888-10-29','1081-03-16');
/*!40000 ALTER TABLE `y_ta` ENABLE KEYS */;
UNLOCK TABLES;
/*!40103 SET TIME_ZONE=@OLD_TIME_ZONE */;

/*!40101 SET SQL_MODE=@OLD_SQL_MODE */;
/*!40014 SET FOREIGN_KEY_CHECKS=@OLD_FOREIGN_KEY_CHECKS */;
/*!40014 SET UNIQUE_CHECKS=@OLD_UNIQUE_CHECKS */;
/*!40101 SET CHARACTER_SET_CLIENT=@OLD_CHARACTER_SET_CLIENT */;
/*!40101 SET CHARACTER_SET_RESULTS=@OLD_CHARACTER_SET_RESULTS */;
/*!40101 SET COLLATION_CONNECTION=@OLD_COLLATION_CONNECTION */;
/*!40111 SET SQL_NOTES=@OLD_SQL_NOTES */;

-- Dump completed on 2021-09-09  9:24:42
